{
  "(31, 6, 0, 0)": [
    0.0,
    9.162465635388344,
    0.0,
    1.8008409986066494,
    37.386060352651384
  ],
  "(31, 6, 4, 0)": [
    0.051866666666666686,
    0.0,
    0.0,
    0.0,
    0.0
  ],
  "(32, 6, 4, 0)": [
    0.0,
    0.6450392868698474,
    0.0,
    0.0,
    0.0
  ],
  "(33, 6, 5, 0)": [
    0.0,
    0.0,
    0.0,
    0.0,
    3.7124142063189733
  ],
  "(34, 6, 4, 0)": [
    0.0,
    0.0,
    6.733324712708949,
    0.0,
    0.9634791307832278
  ],
  "(34, 6, 5, 0)": [
    4.578219970513647,
    16.522282439307947,
    4.535585788629124,
    7.815165422661785,
    8.672641301820942
  ],
  "(35, 6, 4, 0)": [
    0.0,
    14.332862129281912,
    0.0,
    1.123322794742864,
    1.0706407737035621
  ],
  "(35, 6, 5, 0)": [
    15.49289650123597,
    2.4878066249218205,
    0.48074638452976304,
    2.4120473124904027,
    0.3758903136017711
  ],
  "(35, 6, 1, 0)": [
    4.925883356675908,
    65.62016653107561,
    0.0,
    0.0,
    0.0
  ],
  "(35, 6, 0, 0)": [
    131.8318169586067,
    134.30634160066353,
    122.41254153645518,
    131.4674715142996,
    131.82859104169157
  ],
  "(34, 6, 0, 0)": [
    126.81172555869043,
    129.57292236279858,
    138.06297854044578,
    160.0858762170873,
    124.53872259961071
  ],
  "(33, 6, 0, 0)": [
    0.0,
    50.04772154106999,
    6.544915421042941,
    7.364478111215442,
    0.0
  ],
  "(32, 6, 0, 0)": [
    2.4725587443587305,
    43.06021723795043,
    5.416007148662667,
    7.197422549809969,
    0.0
  ],
  "(30, 6, 0, 0)": [
    36.42457443276238,
    5.302232335954618,
    4.978389309441271,
    0.0,
    9.516360961185875
  ],
  "(29, 6, 0, 0)": [
    37.35712019901802,
    1.7972847254503386,
    0.0,
    1.4938286421552538,
    3.536283768081401
  ],
  "(28, 6, 0, 0)": [
    2.0664289700545146,
    1.8570304099967971,
    5.797914963831863,
    30.731607558312977,
    6.691528461594431
  ],
  "(27, 6, 0, 0)": [
    1.7320396518047265,
    3.0842217105708216,
    12.67286267656835,
    29.15321796278394,
    0.0
  ],
  "(26, 6, 0, 0)": [
    1.2699042551175195,
    32.539315207872825,
    0.0,
    2.9254010173737344,
    0.0
  ],
  "(25, 6, 0, 0)": [
    3.962923582012794,
    1.5321232525041548,
    31.417277951250824,
    3.1332682265403604,
    4.450480498678086
  ],
  "(24, 6, 0, 0)": [
    0.0,
    30.97709527346903,
    1.653875706017891,
    0.0,
    1.606093091362039
  ],
  "(23, 6, 0, 0)": [
    2.1429031048710656,
    2.727046851969723,
    0.0,
    30.563442991568806,
    3.212907489377156
  ],
  "(22, 6, 0, 0)": [
    0.0,
    3.479332400283436,
    32.46803641155486,
    0.0,
    2.0365363600037596
  ],
  "(21, 6, 0, 0)": [
    0.0,
    0.0,
    0.0,
    0.0,
    26.39799032829832
  ],
  "(20, 6, 0, 0)": [
    2.4189000994028524,
    14.562429854720433,
    3.7112196801686426,
    0.0,
    2.6347074451411605
  ],
  "(35, 6, 3, 0)": [
    0.21886322531267177,
    13.583985295657987,
    0.0,
    0.8174871034848672,
    1.239162713282652
  ],
  "(34, 6, 1, 0)": [
    0.0,
    29.533285706570133,
    0.0,
    0.0,
    0.0
  ],
  "(30, 6, 5, 0)": [
    0.0,
    0.0,
    0.06079999999999998,
    0.0,
    0.0
  ],
  "(31, 6, 5, 0)": [
    0.14845775333333333,
    0.0,
    0.0,
    0.0,
    0.0
  ],
  "(33, 6, 4, 0)": [
    0.0,
    0.0,
    0.0,
    1.4332505389890016,
    0.0
  ],
  "(35, 6, 2, 0)": [
    0.0,
    0.0,
    42.08145482736796,
    0.0,
    0.0
  ],
  "(36, 6, 0, 0)": [
    5.616598067072836,
    9.500493631905426,
    7.194455843682871,
    4.8432148988940185,
    60.28161494391601
  ],
  "(36, 6, 5, 0)": [
    2.3517689418353633,
    2.3149884720312155,
    1.4824845459208884,
    14.18125831100037,
    3.5773226894808214
  ],
  "(36, 6, 4, 0)": [
    2.782704241175286,
    0.6408891638952595,
    0.0,
    0.0,
    0.20725852072516973
  ],
  "(36, 6, 1, 0)": [
    0.26481042072516975,
    0.0,
    0.0,
    0.0,
    9.449110333616062
  ],
  "(34, 7, 0, 0)": [
    11.845386187550465,
    0.0,
    0.0,
    0.0,
    0.0
  ],
  "(34, 6, 2, 0)": [
    10.297581630488922,
    0.0,
    0.0,
    0.0,
    0.0
  ],
  "(32, 7, 0, 0)": [
    0.0,
    0.0,
    0.0,
    0.0,
    3.734226265738025
  ],
  "(32, 6, 5, 0)": [
    0.12978970035106932,
    0.0,
    0.0,
    0.0,
    0.0
  ],
  "(36, 6, 3, 0)": [
    0.0,
    0.0,
    0.8923871140543704,
    0.0,
    0.15887939223812353
  ],
  "(36, 6, 2, 0)": [
    0.0,
    5.758693284201195,
    0.0,
    0.0,
    0.0
  ],
  "(35, 7, 0, 0)": [
    14.13509512631334,
    0.0,
    0.0,
    0.0,
    0.0
  ],
  "(31, 7, 0, 0)": [
    0.0,
    0.0,
    0.0,
    2.7356459145046723,
    0.0
  ],
  "(31, 6, 3, 0)": [
    0.0,
    0.06588503611762422,
    0.0,
    0.0,
    0.0
  ],
  "(34, 6, 3, 0)": [
    0.0,
    0.0,
    1.7136950971632374,
    0.0,
    0.0
  ]
}