{
  "episode": 10000,
  "total_states": 600,
  "timestamp": "2025-09-16T23:38:40.249135",
  "training_time": 3.62286639213562,
  "coverage_percent": 0.09300595238095237
}