{
  "episode": 36000,
  "total_states": 600,
  "timestamp": "2025-09-16T23:38:46.122078",
  "training_time": 9.495809555053711,
  "coverage_percent": 0.09300595238095237
}