{
  "episode": 68000,
  "total_states": 600,
  "timestamp": "2025-09-16T23:38:53.138842",
  "training_time": 16.512573719024658,
  "coverage_percent": 0.09300595238095237
}