{
  "episode": 50000,
  "total_states": 600,
  "timestamp": "2025-09-16T23:38:49.096791",
  "training_time": 12.470523118972778,
  "coverage_percent": 0.09300595238095237
}