{
  "episode": 52000,
  "total_states": 600,
  "timestamp": "2025-09-16T23:38:49.558148",
  "training_time": 12.931879997253418,
  "coverage_percent": 0.09300595238095237
}