{
  "episode": 48001,
  "total_states": 600,
  "timestamp": "2025-09-16T23:33:07.503709",
  "training_time": 8.791230201721191,
  "coverage_percent": 0.09300595238095237
}