{
  "episode": 44001,
  "total_states": 600,
  "timestamp": "2025-09-16T23:33:06.615960",
  "training_time": 7.90348219871521,
  "coverage_percent": 0.09300595238095237
}