{
  "episode": 100000,
  "total_states": 600,
  "timestamp": "2025-09-16T23:39:00.193802",
  "training_time": 23.56753373146057,
  "coverage_percent": 0.09300595238095237
}