{
  "episode": 46001,
  "total_states": 600,
  "timestamp": "2025-09-16T23:33:07.049281",
  "training_time": 8.33680272102356,
  "coverage_percent": 0.09300595238095237
}