{
  "episode": 90000,
  "total_states": 600,
  "timestamp": "2025-09-16T23:38:58.078568",
  "training_time": 21.45229935646057,
  "coverage_percent": 0.09300595238095237
}