{
  "episode": 36001,
  "total_states": 600,
  "timestamp": "2025-09-16T23:33:04.849159",
  "training_time": 6.136681079864502,
  "coverage_percent": 0.09300595238095237
}