{
  "episode": 88000,
  "total_states": 600,
  "timestamp": "2025-09-16T23:38:57.637275",
  "training_time": 21.011006355285645,
  "coverage_percent": 0.09300595238095237
}