{
  "episode": 32001,
  "total_states": 600,
  "timestamp": "2025-09-16T23:33:03.964887",
  "training_time": 5.252409219741821,
  "coverage_percent": 0.09300595238095237
}