{
  "episode": 22000,
  "total_states": 600,
  "timestamp": "2025-09-16T23:38:43.167886",
  "training_time": 6.5416178703308105,
  "coverage_percent": 0.09300595238095237
}