{
  "episode": 38001,
  "total_states": 600,
  "timestamp": "2025-09-16T23:33:05.288054",
  "training_time": 6.575575351715088,
  "coverage_percent": 0.09300595238095237
}