{
  "episode": 94000,
  "total_states": 600,
  "timestamp": "2025-09-16T23:38:58.907361",
  "training_time": 22.281092643737793,
  "coverage_percent": 0.09300595238095237
}