{
  "episode": 68001,
  "total_states": 600,
  "timestamp": "2025-09-16T23:33:11.887400",
  "training_time": 13.174922227859497,
  "coverage_percent": 0.09300595238095237
}