{
  "episode": 70001,
  "total_states": 600,
  "timestamp": "2025-09-16T23:33:12.344005",
  "training_time": 13.631526947021484,
  "coverage_percent": 0.09300595238095237
}