{
  "episode": 15000,
  "total_states": 450,
  "training_time": 1046.83447599411,
  "timestamp": "2025-09-16T23:14:40.287236",
  "state_coverage_percent": 0.06975446428571429
}