{
  "episode": 19000,
  "total_states": 570,
  "training_time": 1567.8068981170654,
  "timestamp": "2025-09-16T23:23:21.259658",
  "state_coverage_percent": 0.08835565476190477
}