{
  "episode": 11000,
  "total_states": 330,
  "training_time": 523.6321187019348,
  "timestamp": "2025-09-16T23:05:57.084878",
  "state_coverage_percent": 0.051153273809523815
}