{
  "episode": 60000,
  "total_states": 600,
  "timestamp": "2025-09-16T23:38:51.435417",
  "training_time": 14.809148788452148,
  "coverage_percent": 0.09300595238095237
}