{
  "episode": 86001,
  "total_states": 600,
  "timestamp": "2025-09-16T23:33:16.129910",
  "training_time": 17.417431831359863,
  "coverage_percent": 0.09300595238095237
}