{
  "episode": 14000,
  "total_states": 600,
  "timestamp": "2025-09-16T23:38:41.158040",
  "training_time": 4.531771421432495,
  "coverage_percent": 0.09300595238095237
}