{
  "episode": 28000,
  "total_states": 600,
  "timestamp": "2025-09-16T23:38:44.418820",
  "training_time": 7.79255223274231,
  "coverage_percent": 0.09300595238095237
}