{
  "episode": 54001,
  "total_states": 600,
  "timestamp": "2025-09-16T23:33:08.828158",
  "training_time": 10.11567997932434,
  "coverage_percent": 0.09300595238095237
}