{
  "episode": 50001,
  "total_states": 600,
  "timestamp": "2025-09-16T23:33:07.936230",
  "training_time": 9.223751306533813,
  "coverage_percent": 0.09300595238095237
}