{
  "episode": 5000,
  "total_states": 150,
  "training_time": 283.2876777648926,
  "timestamp": "2025-09-16T22:48:40.312754",
  "state_coverage_percent": 0.023251488095238092
}