{
  "episode": 56001,
  "total_states": 600,
  "timestamp": "2025-09-16T23:33:09.262791",
  "training_time": 10.550312519073486,
  "coverage_percent": 0.09300595238095237
}