{
  "episode": 60001,
  "total_states": 600,
  "timestamp": "2025-09-16T23:33:10.133626",
  "training_time": 11.421148300170898,
  "coverage_percent": 0.09300595238095237
}