{
  "episode": 92001,
  "total_states": 600,
  "timestamp": "2025-09-16T23:33:17.733721",
  "training_time": 19.021242380142212,
  "coverage_percent": 0.09300595238095237
}