{
  "episode": 76001,
  "total_states": 600,
  "timestamp": "2025-09-16T23:33:13.655093",
  "training_time": 14.942614793777466,
  "coverage_percent": 0.09300595238095237
}