{
  "episode": 32000,
  "total_states": 600,
  "timestamp": "2025-09-16T23:38:45.284097",
  "training_time": 8.657828569412231,
  "coverage_percent": 0.09300595238095237
}