{
  "episode": 46000,
  "total_states": 600,
  "timestamp": "2025-09-16T23:38:48.223242",
  "training_time": 11.59697413444519,
  "coverage_percent": 0.09300595238095237
}