{
  "episode": 44000,
  "total_states": 600,
  "timestamp": "2025-09-16T23:38:47.803156",
  "training_time": 11.17688775062561,
  "coverage_percent": 0.09300595238095237
}