{
  "episode": 98000,
  "total_states": 600,
  "timestamp": "2025-09-16T23:38:59.739057",
  "training_time": 23.112789392471313,
  "coverage_percent": 0.09300595238095237
}