{
  "episode": 82000,
  "total_states": 600,
  "timestamp": "2025-09-16T23:38:56.391398",
  "training_time": 19.765129804611206,
  "coverage_percent": 0.09300595238095237
}