{
  "episode": 16000,
  "total_states": 600,
  "timestamp": "2025-09-16T23:38:41.595179",
  "training_time": 4.9689109325408936,
  "coverage_percent": 0.09300595238095237
}