{
  "episode": 30000,
  "total_states": 600,
  "timestamp": "2025-09-16T23:38:44.840773",
  "training_time": 8.214504480361938,
  "coverage_percent": 0.09300595238095237
}