{
  "episode": 4000,
  "total_states": 600,
  "timestamp": "2025-09-16T23:38:38.870806",
  "training_time": 2.244537830352783,
  "coverage_percent": 0.09300595238095237
}