{
  "episode": 80001,
  "total_states": 600,
  "timestamp": "2025-09-16T23:33:14.552504",
  "training_time": 15.840025424957275,
  "coverage_percent": 0.09300595238095237
}