{
  "episode": 6000,
  "total_states": 600,
  "timestamp": "2025-09-16T23:38:39.363231",
  "training_time": 2.7369632720947266,
  "coverage_percent": 0.09300595238095237
}