{
  "episode": 74001,
  "total_states": 600,
  "timestamp": "2025-09-16T23:33:13.206176",
  "training_time": 14.49369740486145,
  "coverage_percent": 0.09300595238095237
}