{
  "episode": 80000,
  "total_states": 600,
  "timestamp": "2025-09-16T23:38:55.948700",
  "training_time": 19.322431802749634,
  "coverage_percent": 0.09300595238095237
}