{
  "episode": 84000,
  "total_states": 600,
  "timestamp": "2025-09-16T23:38:56.802729",
  "training_time": 20.17646050453186,
  "coverage_percent": 0.09300595238095237
}