{
  "episode": 20000,
  "total_states": 600,
  "timestamp": "2025-09-16T23:38:42.718917",
  "training_time": 6.092648983001709,
  "coverage_percent": 0.09300595238095237
}