{
  "episode": 62000,
  "total_states": 600,
  "timestamp": "2025-09-16T23:38:51.845467",
  "training_time": 15.21919870376587,
  "coverage_percent": 0.09300595238095237
}