{
  "episode": 54000,
  "total_states": 600,
  "timestamp": "2025-09-16T23:38:50.160950",
  "training_time": 13.534681797027588,
  "coverage_percent": 0.09300595238095237
}