{
  "episode": 66001,
  "total_states": 600,
  "timestamp": "2025-09-16T23:33:11.458369",
  "training_time": 12.745890617370605,
  "coverage_percent": 0.09300595238095237
}