{
  "episode": 76000,
  "total_states": 600,
  "timestamp": "2025-09-16T23:38:55.130821",
  "training_time": 18.504553079605103,
  "coverage_percent": 0.09300595238095237
}