{
  "episode": 18000,
  "total_states": 600,
  "timestamp": "2025-09-16T23:38:42.046116",
  "training_time": 5.41984748840332,
  "coverage_percent": 0.09300595238095237
}