{
  "episode": 58001,
  "total_states": 600,
  "timestamp": "2025-09-16T23:33:09.687230",
  "training_time": 10.974751710891724,
  "coverage_percent": 0.09300595238095237
}