{
  "episode": 72001,
  "total_states": 600,
  "timestamp": "2025-09-16T23:33:12.776285",
  "training_time": 14.063807249069214,
  "coverage_percent": 0.09300595238095237
}