{
  "episode": 1000,
  "total_states": 30,
  "training_time": 66.2511625289917,
  "timestamp": "2025-09-16T22:45:03.276238",
  "state_coverage_percent": 0.004650297619047619
}