{
  "episode": 72000,
  "total_states": 600,
  "timestamp": "2025-09-16T23:38:53.959692",
  "training_time": 17.333423376083374,
  "coverage_percent": 0.09300595238095237
}