{
  "episode": 34001,
  "total_states": 600,
  "timestamp": "2025-09-16T23:33:04.415380",
  "training_time": 5.70290207862854,
  "coverage_percent": 0.09300595238095237
}