{
  "episode": 22001,
  "total_states": 600,
  "timestamp": "2025-09-16T23:33:56.821346",
  "training_time": 2.1162147521972656,
  "coverage_percent": 0.09300595238095237
}