{
  "episode": 2000,
  "total_states": 600,
  "timestamp": "2025-09-16T23:38:38.413372",
  "training_time": 1.7871036529541016,
  "coverage_percent": 0.09300595238095237
}