{
  "episode": 24001,
  "total_states": 600,
  "timestamp": "2025-09-16T23:33:57.291566",
  "training_time": 2.586434841156006,
  "coverage_percent": 0.09300595238095237
}