{
  "episode": 90001,
  "total_states": 600,
  "timestamp": "2025-09-16T23:33:17.183875",
  "training_time": 18.471396684646606,
  "coverage_percent": 0.09300595238095237
}