{
  "episode": 96000,
  "total_states": 600,
  "timestamp": "2025-09-16T23:38:59.330314",
  "training_time": 22.70404577255249,
  "coverage_percent": 0.09300595238095237
}