{
  "episode": 78000,
  "total_states": 600,
  "timestamp": "2025-09-16T23:38:55.539251",
  "training_time": 18.912983179092407,
  "coverage_percent": 0.09300595238095237
}