{
  "episode": 40000,
  "total_states": 600,
  "timestamp": "2025-09-16T23:38:46.986046",
  "training_time": 10.359777927398682,
  "coverage_percent": 0.09300595238095237
}