{
  "episode": 48000,
  "total_states": 600,
  "timestamp": "2025-09-16T23:38:48.659059",
  "training_time": 12.032791137695312,
  "coverage_percent": 0.09300595238095237
}