{
  "episode": 12000,
  "total_states": 600,
  "timestamp": "2025-09-16T23:38:40.689663",
  "training_time": 4.063394784927368,
  "coverage_percent": 0.09300595238095237
}