{
  "episode": 62001,
  "total_states": 600,
  "timestamp": "2025-09-16T23:33:10.588238",
  "training_time": 11.875759601593018,
  "coverage_percent": 0.09300595238095237
}