{
  "episode": 9000,
  "total_states": 270,
  "training_time": 262.45123744010925,
  "timestamp": "2025-09-16T23:01:35.903997",
  "state_coverage_percent": 0.04185267857142857
}