{
  "episode": 52001,
  "total_states": 600,
  "timestamp": "2025-09-16T23:33:08.370887",
  "training_time": 9.658409118652344,
  "coverage_percent": 0.09300595238095237
}