{
  "episode": 28001,
  "total_states": 600,
  "timestamp": "2025-09-16T23:33:03.010505",
  "training_time": 4.2980265617370605,
  "coverage_percent": 0.09300595238095237
}