{
  "episode": 74000,
  "total_states": 600,
  "timestamp": "2025-09-16T23:38:54.700092",
  "training_time": 18.074837923049927,
  "coverage_percent": 0.09300595238095237
}