{
  "episode": 92000,
  "total_states": 600,
  "timestamp": "2025-09-16T23:38:58.489981",
  "training_time": 21.863712787628174,
  "coverage_percent": 0.09300595238095237
}