{
  "episode": 17000,
  "total_states": 510,
  "training_time": 1305.463749408722,
  "timestamp": "2025-09-16T23:18:58.916509",
  "state_coverage_percent": 0.07905505952380952
}