{
  "episode": 56000,
  "total_states": 600,
  "timestamp": "2025-09-16T23:38:50.590720",
  "training_time": 13.964451789855957,
  "coverage_percent": 0.09300595238095237
}