{
  "episode": 84001,
  "total_states": 600,
  "timestamp": "2025-09-16T23:33:15.543246",
  "training_time": 16.83076786994934,
  "coverage_percent": 0.09300595238095237
}