{
  "episode": 66000,
  "total_states": 600,
  "timestamp": "2025-09-16T23:38:52.713064",
  "training_time": 16.086796045303345,
  "coverage_percent": 0.09300595238095237
}