{
  "episode": 78001,
  "total_states": 600,
  "timestamp": "2025-09-16T23:33:14.091608",
  "training_time": 15.379129886627197,
  "coverage_percent": 0.09300595238095237
}