{
  "episode": 40001,
  "total_states": 600,
  "timestamp": "2025-09-16T23:33:05.743308",
  "training_time": 7.030829906463623,
  "coverage_percent": 0.09300595238095237
}