{
  "episode": 86000,
  "total_states": 600,
  "timestamp": "2025-09-16T23:38:57.231974",
  "training_time": 20.605706214904785,
  "coverage_percent": 0.09300595238095237
}