{
  "episode": 88001,
  "total_states": 600,
  "timestamp": "2025-09-16T23:33:16.571225",
  "training_time": 17.85874652862549,
  "coverage_percent": 0.09300595238095237
}