{
  "episode": 8000,
  "total_states": 600,
  "timestamp": "2025-09-16T23:38:39.798313",
  "training_time": 3.172044515609741,
  "coverage_percent": 0.09300595238095237
}