{
  "episode": 82001,
  "total_states": 600,
  "timestamp": "2025-09-16T23:33:15.048544",
  "training_time": 16.336066484451294,
  "coverage_percent": 0.09300595238095237
}