{
  "episode": 64000,
  "total_states": 600,
  "timestamp": "2025-09-16T23:38:52.277960",
  "training_time": 15.651692152023315,
  "coverage_percent": 0.09300595238095237
}