{
  "episode": 30001,
  "total_states": 600,
  "timestamp": "2025-09-16T23:33:03.472344",
  "training_time": 4.759866237640381,
  "coverage_percent": 0.09300595238095237
}