{
  "episode": 7000,
  "total_states": 210,
  "training_time": 388.7740943431854,
  "timestamp": "2025-09-16T22:50:25.799170",
  "state_coverage_percent": 0.03255208333333333
}