{
  "episode": 94001,
  "total_states": 600,
  "timestamp": "2025-09-16T23:33:18.194407",
  "training_time": 19.481929302215576,
  "coverage_percent": 0.09300595238095237
}