{
  "episode": 3000,
  "total_states": 90,
  "training_time": 172.77658224105835,
  "timestamp": "2025-09-16T22:46:49.801658",
  "state_coverage_percent": 0.013950892857142856
}