{
  "episode": 26001,
  "total_states": 600,
  "timestamp": "2025-09-16T23:33:02.501319",
  "training_time": 3.7888410091400146,
  "coverage_percent": 0.09300595238095237
}