{
  "episode": 26000,
  "total_states": 600,
  "timestamp": "2025-09-16T23:38:44.002249",
  "training_time": 7.375981092453003,
  "coverage_percent": 0.09300595238095237
}