{
  "episode": 64001,
  "total_states": 600,
  "timestamp": "2025-09-16T23:33:11.029907",
  "training_time": 12.317429065704346,
  "coverage_percent": 0.09300595238095237
}