{
  "episode": 42001,
  "total_states": 600,
  "timestamp": "2025-09-16T23:33:06.178901",
  "training_time": 7.46642279624939,
  "coverage_percent": 0.09300595238095237
}