{
  "episode": 42000,
  "total_states": 600,
  "timestamp": "2025-09-16T23:38:47.396582",
  "training_time": 10.77031397819519,
  "coverage_percent": 0.09300595238095237
}