{
  "episode": 24000,
  "total_states": 600,
  "timestamp": "2025-09-16T23:38:43.581707",
  "training_time": 6.95543909072876,
  "coverage_percent": 0.09300595238095237
}