{
  "episode": 13000,
  "total_states": 390,
  "training_time": 788.0690503120422,
  "timestamp": "2025-09-16T23:10:21.521810",
  "state_coverage_percent": 0.06045386904761905
}