{
  "episode": 34000,
  "total_states": 600,
  "timestamp": "2025-09-16T23:38:45.697431",
  "training_time": 9.071162939071655,
  "coverage_percent": 0.09300595238095237
}