{
  "episode": 58000,
  "total_states": 600,
  "timestamp": "2025-09-16T23:38:51.020038",
  "training_time": 14.39376950263977,
  "coverage_percent": 0.09300595238095237
}