{
  "episode": 251,
  "unique_states": 0,
  "coverage_percent": 0.0,
  "epsilon": 0.55,
  "timestamp": 1758081440.4904048,
  "training_time_sec": 1.4160242080688477
}