{
  "episode": 501,
  "unique_states": 0,
  "coverage_percent": 0.0,
  "epsilon": 0.55,
  "timestamp": 1758081440.6091502,
  "training_time_sec": 1.5347695350646973
}